{"cameraMode":{"drawMode":0,"name":"Shaded","section":"Shading Mode"},"sceneLighting":false,"audioPlay":false,"sceneViewState":{"m_AlwaysRefresh":false,"showFog":true,"showSkybox":false,"showFlares":true,"showImageEffects":true,"showParticleSystems":true,"showVisualEffectGraphs":true,"m_FxEnabled":true},"in2DMode":false,"pivot":{"x":-153.65374755859376,"y":1.9500000476837159,"z":-151.47935485839845},"rotation":{"x":0.21648216247558595,"y":-0.19726817309856416,"z":0.04476621001958847,"w":0.9551197290420532},"size":0.8660253882408142,"orthographic":true}